bs,nassau,Nassau,23,227936.0,25.0833333,-77.35
ca,abbotsford,Abbotsford,02,151685.0,49.05,-122.3
ca,barrie,Barrie,08,182070.0,44.383333,-79.7
ca,brantford,Brantford,08,87761.0,43.133333,-80.266667
ca,calgary,Calgary,01,968475.0,51.083333,-114.08333300000001
ca,edmonton,Edmonton,01,822319.0,53.55,-113.5
ca,guelph,Guelph,08,115763.0,43.55,-80.25
ca,halifax,Halifax,07,266012.0,44.65,-63.6
ca,hamilton,Hamilton,08,653637.0,43.25,-79.833333
ca,kanata,Kanata,08,93541.0,45.333333,-75.9
ca,kelowna,Kelowna,02,125110.0,49.9,-119.483333
ca,kingston,Kingston,08,114243.0,44.233333,-76.483333
ca,kitchener,Kitchener,08,409111.0,43.45,-80.5
ca,lethbridge,Lethbridge,01,70619.0,49.7,-112.83333300000001
ca,london,London,08,346774.0,42.983333,-81.25
ca,moncton,Moncton,04,87467.0,46.083333,-64.766667
ca,montreal,Montreal,10,3268513.0,45.5,-73.583333
ca,nanaimo,Nanaimo,02,84906.0,49.15,-123.91666699999999
ca,oshawa,Oshawa,08,247989.0,43.9,-78.866667
ca,ottawa,Ottawa,08,874433.0,45.416667,-75.7
ca,peterborough,Peterborough,08,75879.0,44.3,-78.333333
ca,quebec,Quebec,10,645623.0,46.8,-71.25
ca,red deer,Red Deer,01,73595.0,52.266667,-113.8
ca,regina,Regina,11,176182.0,50.45,-104.616667
ca,saint john,Saint John,04,87857.0,45.266667,-66.06666700000001
ca,sarnia,Sarnia,08,82998.0,42.966667,-82.4
ca,saskatoon,Saskatoon,11,198957.0,52.133333,-106.66666699999999
ca,sherbrooke,Sherbrooke,10,129447.0,45.4,-71.9
ca,sudbury,Sudbury,08,109724.0,46.5,-80.966667
ca,thunder bay,Thunder Bay,08,99336.0,48.4,-89.233333
ca,toronto,Toronto,08,4612187.0,43.666667,-79.416667
ca,trois-rivieres,Trois-Rivières,10,119693.0,46.35,-72.55
ca,vancouver,Vancouver,02,1837970.0,49.25,-123.13333300000001
ca,victoria,Victoria,02,289625.0,48.433333000000005,-123.35
ca,waterloo,Waterloo,08,110800.0,43.466667,-80.533333
ca,windsor,Windsor,08,278013.0,42.333333,-83.033333
ca,winnipeg,Winnipeg,03,632069.0,49.883333,-97.166667
co,aguachica,Aguachica,10,73361.0,8.308442,-73.6166
co,apartado,Apartadó,02,86439.0,7.866667,-76.666667
co,armenia,Armenia,23,315332.0,4.533889,-75.681111
co,barrancabermeja,Barrancabermeja,26,191406.0,7.065278,-73.854722
co,barranquilla,Barranquilla,04,1380437.0,10.963889,-74.796389
co,bello,Bello,02,392945.0,6.337315,-75.557951
co,bogota,Bogotá,34,7102602.0,4.649178,-74.062827
co,bucaramanga,Bucaramanga,26,571827.0,7.125392999999999,-73.119804
co,buenaventura,Buenaventura,29,240391.0,3.880099,-77.031164
co,buga,Buga,29,118006.0,3.900889,-76.29782900000001
co,cali,Cali,29,2392897.0,3.437222,-76.5225
co,cartagena,Cartagena,35,952036.0,10.399722,-75.514444
co,cartago,Cartago,29,134829.0,4.746389,-75.91166700000001
co,cienaga,Ciénaga,38,88313.0,11.007029,-74.247646
co,cucuta,Cúcuta,21,721406.0,7.8939070000000005,-72.50782099999999
co,dos quebradas,Dos Quebradas,24,179586.0,4.839164,-75.667265
co,duitama,Duitama,36,92041.0,5.824498999999999,-73.034083
co,envigado,Envigado,02,163010.0,6.170643,-75.585307
co,facatativa,Facatativá,33,94613.0,4.813668,-74.354529
co,florencia,Florencia,08,130339.0,1.614382,-75.606229
co,floridablanca,Floridablanca,26,252271.0,7.062222,-73.08644
co,fusagasuga,Fusagasuga,33,88822.0,4.336463,-74.36377900000001
co,girardot,Girardot,33,130292.0,4.298659,-74.804681
co,giron,Girón,26,108468.0,7.068205,-73.169809
co,ibague,Ibagué,28,421689.0,4.438889,-75.232222
co,ipiales,Ipiales,20,77730.0,0.8301780000000001,-77.649594
co,itagui,Itagüí,02,281858.0,6.171944,-75.611389
co,la dorada,La Dorada,37,81951.0,5.447830000000001,-74.663111
co,magangue,Magangué,35,100315.0,9.242024,-74.754671
co,maicao,Maicao,17,130351.0,11.383208,-72.243208
co,malambo,Malambo,04,101536.0,10.859533,-74.773861
co,manizales,Manizales,37,357819.0,5.068890000000001,-75.517383
co,medellin,Medellín,02,2000001.0,6.2518400000000005,-75.563591
co,monteria,Montería,12,272424.0,8.747983999999999,-75.881428
co,neiva,Neiva,16,352859.0,2.927299,-75.281885
co,ocana,Ocaña,21,83513.0,8.237727,-73.356038
co,palmira,Palmira,29,247991.0,3.539444,-76.303611
co,pasto,Pasto,20,382242.0,1.213611,-77.281111
co,pereira,Pereira,24,440123.0,4.813333,-75.696111
co,piedecuesta,Piedecuesta,26,86388.0,6.9878919999999995,-73.049533
co,quibdo,Quibdó,11,75105.0,5.6947220000000005,-76.661111
co,riohacha,Ríohacha,17,92433.0,11.544444,-72.90722199999999
co,santa marta,Santa Marta,38,431788.0,11.240791,-74.19904
co,sincelejo,Sincelejo,27,261190.0,9.304722,-75.397778
co,soacha,Soacha,33,313950.0,4.579368,-74.216819
co,sogamoso,Sogamoso,36,126553.0,5.7143440000000005,-72.933908
co,soledad,Soledad,04,342562.0,10.918433,-74.76459
co,tulua,Tuluá,29,165504.0,4.084656,-76.19536
co,tumaco,Tumaco,20,86714.0,1.798611,-78.815556
co,tunja,Tunja,36,117480.0,5.535278,-73.367778
co,valledupar,Valledupar,10,308242.0,10.46314,-73.253224
co,villavicencio,Villavicencio,19,321721.0,4.142002,-73.626645
co,yumbo,Yumbo,29,71438.0,3.582335,-76.491455
co,zipaquira,Zipaquirá,33,91237.0,5.022079,-74.004812
cr,san jose,San José,08,335056.0,9.933333,-84.083333
cu,bayamo,Bayamo,09,192641.0,20.3791667,-76.6433333
cu,camaguey,Camagüey,05,347572.0,21.380833300000003,-77.9169444
cu,cardenas,Cárdenas,03,98519.0,23.0375,-81.2047222
cu,ciego de avila,Ciego de Ávila,07,142032.0,21.84,-78.7619444
cu,cienfuegos,Cienfuegos,08,186648.0,22.1461111,-80.4355556
cu,contramaestre,Contramaestre,15,70441.0,20.297777800000002,-76.2413889
cu,guantanamo,Guantánamo,10,272808.0,20.144444399999998,-75.2091667
cu,holguin,Holguín,12,319114.0,20.887222199999997,-76.2630556
cu,las tunas,Las Tunas,13,203690.0,20.9616667,-76.95111109999999
cu,manzanillo,Manzanillo,09,128194.0,20.3433333,-77.1166667
cu,matanzas,Matanzas,03,146738.0,23.041111100000002,-81.5775
cu,mayari,Mayarí,12,83631.0,20.654166699999998,-75.6819444
cu,moa,Moa,12,92885.0,20.6569444,-74.94027779999999
cu,palma soriano,Palma Soriano,15,102830.0,20.2172222,-75.99888890000001
cu,pinar del rio,Pinar del Río,01,186997.0,22.4175,-83.6980556
cu,puerto padre,Puerto Padre,13,76841.0,21.195,-76.6027778
cu,sancti spiritus,Sancti Spíritus,14,127073.0,21.929722199999997,-79.4425
cu,santa clara,Santa Clara,16,250518.0,22.1666667,-79.7666667
cu,santiago de cuba,Santiago de Cuba,15,555878.0,20.0247222,-75.8219444
do,barahona,Barahona,03,77161.0,18.2,-71.1
do,bonao,Bonao,31,73273.0,18.9333333,-70.41666670000001
do,higuey,Higüey,10,123803.0,18.6166667,-68.7
do,la romana,La Romana,12,208439.0,18.4166667,-68.9666667
do,la vega,La Vega,30,102431.0,19.216666699999998,-70.5166667
do,puerto plata,Puerto Plata,18,119908.0,19.8,-70.6833333
do,san cristobal,San Cristóbal,33,154045.0,18.4166667,-70.1
do,san francisco de macoris,San Francisco de Macorís,06,124772.0,19.3,-70.25
do,san juan de la maguana,San Juan de la Maguana,23,72952.0,18.8,-71.2333333
do,san pedro de macoris,San Pedro de Macorís,24,217901.0,18.45,-69.3
do,santiago,Santiago,25,555911.0,19.45,-70.7
do,santo domingo,Santo Domingo,05,2202016.0,18.466666699999998,-69.9
fr,aix-en-provence,Aix-en-Provence,B8,142133.0,43.528695,5.448791
fr,amiens,Amiens,B6,138816.0,49.9,2.3
fr,angers,Angers,B5,158585.0,47.473806,-0.54774
fr,antibes,Antibes,B8,75311.0,43.562407,7.127766
fr,argenteuil,Argenteuil,A8,95075.0,48.939396,2.2367
fr,aulnay-sous-bois,Aulnay-sous-Bois,A8,79622.0,48.938138,2.494022
fr,avignon,Avignon,B8,85848.0,43.945403999999996,4.810226
fr,besancon,Besançon,A6,120139.0,47.248778,6.018152
fr,bordeaux,Bordeaux,97,219311.0,44.840439,-0.5805
fr,boulogne-billancourt,Boulogne-Billancourt,A8,109765.0,48.835684,2.2473419999999997
fr,bourges,Bourges,A3,71500.0,47.083333,2.4
fr,brest,Brest,A2,150554.0,48.390756,-4.486165
fr,caen,Caen,99,115358.0,49.197188,-0.326822
fr,calais,Calais,B4,79010.0,50.951240999999996,1.8589900000000001
fr,champigny-sur-marne,Champigny-sur-Marne,A8,71985.0,48.81642,2.493656
fr,clermont-ferrand,Clermont-Ferrand,98,137364.0,45.779657,3.086281
fr,colombes,Colombes,A8,76209.0,48.918824,2.254044
fr,courbevoie,Courbevoie,A8,70896.0,48.897,2.2564
fr,creteil,Créteil,A8,84133.0,48.792660999999995,2.465694
fr,dijon,Dijon,A1,153692.0,47.316666999999995,5.016667
fr,dunkirk,Dunkirk,B4,71740.0,51.05,2.3666669999999996
fr,grenoble,Grenoble,B9,154853.0,45.171546,5.722387
fr,la rochelle,La Rochelle,B7,80406.0,46.166667,-1.15
fr,le havre,Le Havre,A7,188605.0,49.5,0.13333299999999998
fr,le mans,Le Mans,B5,147413.0,48.000386,0.204709
fr,lille,Lille,B4,189746.0,50.632971000000005,3.058585
fr,limoges,Limoges,B1,134549.0,45.831534000000005,1.2578049999999998
fr,lyon,Lyon,B9,463700.0,45.748457,4.846711
fr,marseille,Marseille,B8,792823.0,43.285413,5.37606
fr,metz,Metz,B2,128021.0,49.115460999999996,6.175875
fr,montpellier,Montpellier,A9,238887.0,43.61092,3.8772300000000004
fr,montreuil,Montreuil,A8,89125.0,48.864151,2.443218
fr,mulhouse,Mulhouse,C1,111972.0,47.738082,7.347932000000001
fr,nancy,Nancy,B2,106857.0,48.69211,6.187755999999999
fr,nanterre,Nanterre,A8,84448.0,48.891373,2.20027
fr,nantes,Nantes,B5,284677.0,47.216509,-1.5523790000000002
fr,nice,Nice,B8,341621.0,43.713644,7.259519999999999
fr,nimes,Nîmes,A9,137532.0,43.833778,4.359623
fr,orleans,Orléans,A3,118190.0,47.902891,1.9038869999999999
fr,paris,Paris,A8,2110694.0,48.866667,2.333333
fr,pau,Pau,97,77475.0,43.299999,-0.366667
fr,perpignan,Perpignan,A9,104783.0,42.696172,2.897098
fr,poitiers,Poitiers,B7,86639.0,46.583333,0.333333
fr,reims,Reims,A4,192688.0,49.25,4.033333
fr,rennes,Rennes,A2,213334.0,48.111981,-1.674291
fr,roubaix,Roubaix,B4,96806.0,50.694207,3.174556
fr,rouen,Rouen,A7,108101.0,49.433333000000005,1.083333
fr,rueil-malmaison,Rueil-Malmaison,A8,78645.0,48.876503,2.189666
fr,saint-denis,Saint-Denis,A8,84027.0,48.934172,2.354805
fr,saint-etienne,Saint-Étienne,B9,170416.0,45.435382000000004,4.391051
fr,saint-maur-des-fosses,Saint-Maur-des-Fossés,A8,71267.0,48.793945,2.493233
fr,strasbourg,Strasbourg,C1,273506.0,48.600381,7.787355000000001
fr,toulon,Toulon,B8,154465.0,43.117705,5.941712
fr,toulouse,Toulouse,B3,411145.0,43.599515999999994,1.433188
fr,tourcoing,Tourcoing,B4,93835.0,50.723907000000004,3.161168
fr,tours,Tours,A3,135143.0,47.394836,0.7039770000000001
fr,versailles,Versailles,A8,85134.0,48.803593,2.134236
fr,villeurbanne,Villeurbanne,B9,126230.0,45.765502000000005,4.875522
fr,vitry-sur-seine,Vitry-sur-Seine,A8,77035.0,48.787159,2.403322
gt,amatitlan,Amatitlán,07,70357.0,14.4875,-90.615278
gt,chichicastenango,Chichicastenango,14,77861.0,14.933333,-91.116667
gt,chimaltenango,Chimaltenango,03,80680.0,14.668610999999999,-90.81666700000001
gt,chinautla,Chinautla,07,94508.0,14.708332999999998,-90.499444
gt,escuintla,Escuintla,06,101047.0,14.305,-90.785
gt,guatemala city,Guatemala City,07,973208.0,14.621110999999999,-90.526944
gt,guatemala,Guatemala,07,973208.0,14.621110999999999,-90.526944
gt,huehuetenango,Huehuetenango,08,77797.0,15.319722,-91.470833
gt,mixco,Mixco,07,460576.0,14.633332999999999,-90.60638900000001
gt,petapa,Petapa,07,137839.0,14.502778,-90.55166700000001
gt,quetzaltenango,Quetzaltenango,13,132231.0,14.833332999999998,-91.516667
gt,san juan sacatepequez,San Juan Sacatepéquez,07,133613.0,14.718889,-90.64416700000001
gt,villa canales,Villa Canales,07,119084.0,14.481389000000002,-90.531667
gt,villa nueva,Villa Nueva,07,397158.0,14.526944,-90.5875
gy,georgetown,Georgetown,12,235017.0,6.8,-58.1666667
hn,choloma,Choloma,06,139117.0,15.616666699999998,-87.95
hn,choluteca,Choluteca,02,75880.0,13.300277800000002,-87.1908333
hn,el progreso,El Progreso,18,100821.0,15.4,-87.8
hn,la ceiba,La Ceiba,01,130230.0,15.7833333,-86.8
hn,san pedro sula,San Pedro Sula,06,489506.0,15.5,-88.0333333
hn,tegucigalpa,Tegucigalpa,08,850961.0,14.1,-87.2166667
ht,cap-haitien,Cap-Haïtien,09,134823.0,19.757777800000003,-72.2041667
ht,carrefour,Carrefour,11,439590.0,18.5383333,-72.4122222
ht,delmas,Delmas,11,377194.0,18.5447222,-72.30277779999999
ht,gonaives,Gonaïves,06,84966.0,19.45,-72.6833333
ht,petionville,Pétionville,11,108235.0,18.5125,-72.28527779999999
ht,port-au-prince,Port-au-Prince,11,1234750.0,18.5391667,-72.335
jm,kingston,Kingston,08,583999.0,18.0,-76.8
jm,montego bay,Montego Bay,12,82868.0,18.466666699999998,-77.91666670000001
jm,portmore,Portmore,10,102865.0,17.966666699999998,-76.8666667
jm,spanish town,Spanish Town,10,145024.0,17.9833333,-76.95
mq,fort-de-france,Fort-de-France,00,89997.0,14.6,-61.0833333
mx,acapulco,Acapulco,12,652160.0,16.85,-99.916667
mx,acuna,Acuña,07,144703.0,29.3,-100.916667
mx,aguascalientes,Aguascalientes,01,658193.0,21.883333,-102.3
mx,apatzingan,Apatzingan,16,98426.0,19.083333,-102.35
mx,apodaca,Apodaca,19,352246.0,25.766667,-100.2
mx,atlixco,Atlixco,21,85894.0,18.966667,-98.466667
mx,campeche,Campeche,04,205221.0,19.85,-90.533333
mx,cancun,Cancún,23,542156.0,21.166667,-86.833333
mx,cardenas,Cárdenas,27,85354.0,17.983333,-93.366667
mx,carmen,Carmen,04,141315.0,18.633333,-91.833333
mx,celaya,Celaya,11,305913.0,20.516667,-100.81666700000001
mx,chalco,Chalco,15,164003.0,19.266667,-98.9
mx,chetumal,Chetumal,23,134464.0,18.5,-88.3
mx,chicoloapan,Chicoloapan,15,84444.0,19.416667,-98.9
mx,chihuahua,Chihuahua,06,708292.0,28.633333,-106.08333300000001
mx,chilpancingo,Chilpancingo,12,165257.0,17.55,-99.5
mx,chimalhuacan,Chimalhuacán,15,590165.0,19.416667,-98.9
mx,cholula,Cholula,21,79793.0,19.066667000000002,-98.3
mx,ciudad valles,Ciudad Valles,24,109508.0,21.983333,-99.016667
mx,coacalco,Coacalco,15,313419.0,19.631667,-99.11027800000001
mx,coatzacoalcos,Coatzacoalcos,30,230727.0,18.15,-94.416667
mx,colima,Colima,08,127239.0,19.233333,-103.716667
mx,comitan,Comitan,05,79947.0,16.25,-92.133333
mx,cordoba,Córdoba,30,134409.0,18.883333,-96.93333299999999
mx,cozumel,Cozumel,23,73938.0,20.508333,-86.945833
mx,cuauhtemoc,Cuauhtémoc,06,90839.0,28.416666999999997,-106.86666699999999
mx,cuautitlan,Cuautitlán,15,84741.0,19.671111,-99.182778
mx,cuautitlan izcalli,Cuautitlán Izcalli,15,475199.0,19.646944,-99.246667
mx,cuautla,Cuautla,17,146186.0,18.8,-98.95
mx,cuernavaca,Cuernavaca,17,343785.0,18.916667,-99.25
mx,culiacan,Culiacán,25,582489.0,24.799444,-107.38972199999999
mx,delicias,Delicias,06,102974.0,28.2,-105.5
mx,durango,Durango,10,457154.0,24.033333,-104.666667
mx,ecatepec,Ecatepec,15,1806297.0,19.601111,-99.0525
mx,el mante,El Mante,28,79985.0,22.733333,-98.966667
mx,ensenada,Ensenada,02,256577.0,31.866667,-116.61666699999999
mx,fresnillo,Fresnillo,32,105492.0,23.166667,-102.883333
mx,garza garcia,Garza García,19,130652.0,25.666667,-100.4
mx,general escobedo,General Escobedo,19,308284.0,25.816667000000002,-100.333333
mx,gomez palacio,Gómez Palacio,10,228585.0,25.566667000000002,-103.5
mx,guadalajara,Guadalajara,14,1640649.0,20.666667,-103.333333
mx,guadalupe,Guadalupe,19,724949.0,25.683332999999998,-100.25
mx,guadalupe,Guadalupe,32,94110.0,22.75,-102.516667
mx,guanajuato,Guanajuato,11,78368.0,21.016667,-101.25
mx,guaymas,Guaymas,26,103454.0,27.933333,-110.9
mx,hermosillo,Hermosillo,26,595833.0,29.066667,-110.96666699999999
mx,huixquilucan,Huixquilucan,15,124852.0,19.360278,-99.351389
mx,iguala,Iguala,12,112111.0,18.35,-99.533333
mx,irapuato,Irapuato,11,339568.0,20.683332999999998,-101.35
mx,ixtapaluca,Ixtapaluca,15,351015.0,19.316667000000002,-98.883333
mx,jiutepec,Jiutepec,17,166340.0,18.866667,-99.18333299999999
mx,juarez,Juarez,15,1403025.0,31.733333000000002,-106.483333
mx,lagos de moreno,Lagos de Moreno,14,84681.0,21.35,-101.916667
mx,la paz,La Paz,03,171490.0,24.166667,-110.3
mx,la piedad,La Piedad,16,70241.0,20.35,-102.0
mx,lazaro cardenas,Lázaro Cárdenas,16,84005.0,17.958333,-102.2
mx,leon,León,11,1114662.0,21.116667,-101.666667
mx,lopez mateos,López Mateos,15,521056.0,19.558332999999998,-99.26138900000001
mx,los mochis,Los Mochis,25,214610.0,25.766667,-108.96666699999999
mx,los reyes,Los Reyes,15,251179.0,19.35,-98.966667
mx,manzanillo,Manzanillo,08,110738.0,19.05,-104.333333
mx,matamoros,Matamoros,28,435159.0,25.883333,-97.5
mx,mazatlan,Mazatlán,25,354730.0,23.216667,-106.41666699999999
mx,merida,Mérida,31,717196.0,20.966667,-89.616667
mx,metepec,Metepec,15,172990.0,19.253611,-99.607778
mx,mexicali,Mexicali,02,597124.0,32.651944,-115.468333
mx,mexico,Mexico,09,8720916.0,19.434167000000002,-99.138611
mx,minatitlan,Minatitlán,30,150902.0,17.983333,-94.516667
mx,monclova,Monclova,07,195772.0,26.9,-101.416667
mx,monterrey,Monterrey,19,1122912.0,25.666667,-100.31666700000001
mx,morelia,Morelia,16,592820.0,19.7,-101.116667
mx,naucalpan,Naucalpan,15,846222.0,19.479444,-99.238333
mx,nezahualcoyotl,Nezahualcóyotl,15,1232565.0,19.413611,-99.033056
mx,nicolas romero,Nicolás Romero,15,245394.0,19.621944,-99.313056
mx,nogales,Nogales,26,185890.0,31.333333000000003,-110.933333
mx,nuevo laredo,Nuevo Laredo,28,349562.0,27.5,-99.516667
mx,oaxaca,Oaxaca,20,262574.0,17.05,-96.716667
mx,obregon,Obregon,26,258174.0,27.483333000000002,-109.933333
mx,ocotlan,Ocotlán,14,81531.0,20.35,-102.766667
mx,orizaba,Orizaba,30,121353.0,18.85,-97.1
mx,pachuca,Pachuca,13,319593.0,20.116667,-98.733333
mx,piedras negras,Piedras Negras,07,139624.0,28.7,-100.516667
mx,puebla,Puebla,21,1392137.0,19.05,-98.2
mx,puerto vallarta,Puerto Vallarta,14,187143.0,20.616667,-105.25
mx,queretaro,Querétaro,22,611803.0,20.6,-100.383333
mx,reynosa,Reynosa,28,498670.0,26.083333,-98.283333
mx,rio bravo,Río Bravo,28,85485.0,25.983333,-98.1
mx,salamanca,Salamanca,11,138620.0,20.566667000000002,-101.2
mx,salina cruz,Salina Cruz,20,73651.0,16.166667,-95.2
mx,saltillo,Saltillo,07,621270.0,25.416667,-101.0
mx,san juan del rio,San Juan del Río,22,118178.0,20.383333,-100.0
mx,san luis potosi,San Luis Potosí,24,677726.0,22.15,-100.983333
mx,san luis rio colorado,San Luis Río Colorado,26,139261.0,32.463056,-114.77666699999999
mx,san nicolas de los garza,San Nicolás de los Garza,19,507837.0,25.75,-100.3
mx,san pablo de las salinas,San Pablo de las Salinas,15,173565.0,19.665833,-99.096389
mx,santa catarina,Santa Catarina,19,254483.0,25.683332999999998,-100.466667
mx,tampico,Tampico,28,309015.0,22.3,-97.85
mx,tampico,Tampico,30,309015.0,22.216667,-97.85
mx,tapachula,Tapachula,05,197968.0,14.9,-92.283333
mx,tecoman,Tecomán,08,79582.0,18.913889,-103.905556
mx,tehuacan,Tehuacán,21,241437.0,18.45,-97.383333
mx,temixco,Temixco,17,91064.0,18.85,-99.233333
mx,tepatitlan,Tepatitlan,14,83698.0,20.816667000000002,-102.733333
mx,tepic,Tepic,18,280602.0,21.5,-104.9
mx,texcoco,Texcoco,15,115384.0,19.516667,-98.883333
mx,texmelucan,Texmelucan,21,75906.0,19.283333,-98.43333299999999
mx,teziutlan,Teziutlán,21,70822.0,19.816667000000002,-97.35
mx,tijuana,Tijuana,02,1376494.0,32.533333,-117.016667
mx,tlalnepantla,Tlalnepantla,15,715798.0,19.526944,-99.22166700000001
mx,tlaquepaque,Tlaquepaque,14,493667.0,20.65,-103.31666700000001
mx,tlaxcala,Tlaxcala,29,84674.0,19.313889,-98.241667
mx,toluca,Toluca,15,505903.0,19.288332999999998,-99.667222
mx,tonala,Tonalá,14,401616.0,20.616667,-103.233333
mx,torreon,Torreón,07,524084.0,25.55,-103.43333299999999
mx,tulancingo,Tulancingo,13,102388.0,20.083333,-98.366667
mx,tuxtepec,Tuxtepec,20,92124.0,18.1,-96.116667
mx,tuxtla gutierrez,Tuxtla Gutiérrez,05,481143.0,16.75,-93.116667
mx,uruapan,Uruapan,16,237319.0,19.416667,-102.06666700000001
mx,veracruz,Veracruz,30,568336.0,19.2,-96.133333
mx,villa de alvarez,Villa de Alvarez,08,95066.0,19.25,-103.733333
mx,villahermosa,Villahermosa,27,362416.0,17.983333,-92.916667
mx,xalapa,Xalapa,30,425166.0,19.533333,-96.916667
mx,xico,Xico,15,365793.0,19.266667,-98.93333299999999
mx,zacatecas,Zacatecas,32,118566.0,22.783333,-102.583333
mx,zamora,Zamora,16,124922.0,19.983333,-102.266667
mx,zapopan,Zapopan,14,987555.0,20.716667,-103.4
mx,zitacuaro,Zitácuaro,16,78954.0,19.4,-100.366667
ni,chinandega,Chinandega,03,128616.0,12.616666699999998,-87.15
ni,esteli,Estelí,05,91687.0,13.083333300000001,-86.35
ni,granada,Granada,06,92630.0,11.933333300000001,-85.95
ni,leon,León,08,150327.0,12.435555599999999,-86.8794444
ni,managua,Managua,10,1140499.0,12.150833300000002,-86.2683333
ni,masaya,Masaya,11,123474.0,11.9666667,-86.1
ni,matagalpa,Matagalpa,12,79122.0,12.916666699999999,-85.91666670000001
ni,tipitapa,Tipitapa,10,89642.0,12.2005556,-86.09388890000001
pa,arraijan,Arraiján,08,76829.0,8.95,-79.65
pa,colon,Colón,04,76646.0,9.3591667,-79.90138890000001
pa,david,David,02,82863.0,8.433333300000001,-82.4333333
pa,panama,Panamá,08,408188.0,8.9666667,-79.5333333
pa,san miguelito,San Miguelito,08,321516.0,9.0333333,-79.5
pa,tocumen,Tocumen,08,88543.0,9.083333300000001,-79.3833333
sr,paramaribo,Paramaribo,16,220306.0,5.8333333,-55.1666667
sv,apopa,Apopa,10,112157.0,13.807222199999998,-89.1791667
sv,delgado,Delgado,10,71593.0,13.724166699999998,-89.1702778
sv,mejicanos,Mejicanos,10,160319.0,13.740277800000001,-89.2130556
sv,nueva san salvador,Nueva San Salvador,05,124702.0,13.676944400000002,-89.27972220000001
sv,san salvador,San Salvador,10,526013.0,13.7086111,-89.2030556
sv,santa ana,Santa Ana,11,176671.0,13.9941667,-89.55972220000001
sv,soyapango,Soyapango,10,329704.0,13.734722199999998,-89.15138890000001
tt,chaguanas,Chaguanas,02,72158.0,10.516666699999998,-61.4166667
us,birmingham,Birmingham,AL,231621.0,33.5205556,-86.8025
us,huntsville,Huntsville,AL,167528.0,34.730277799999996,-86.5861111
us,mobile,Mobile,AL,190274.0,30.6941667,-88.0430556
us,montgomery,Montgomery,AL,198325.0,32.3666667,-86.3
us,tuscaloosa,Tuscaloosa,AL,79816.0,33.2097222,-87.5691667
us,anchorage,Anchorage,AK,276263.0,61.2180556,-149.90027780000003
us,casas adobes,Casas Adobes,AZ,77904.0,32.3233333,-110.99444440000002
us,catalina foothills,Catalina Foothills,AZ,71589.0,32.2977778,-110.91805559999999
us,chandler,Chandler,AZ,234297.0,33.3061111,-111.84055559999999
us,gilbert,Gilbert,AZ,170829.0,33.3527778,-111.78833329999999
us,glendale,Glendale,AZ,240112.0,33.538611100000004,-112.1852778
us,mesa,Mesa,AZ,449878.0,33.4222222,-111.8219444
us,peoria,Peoria,AZ,139368.0,33.580555600000004,-112.23666670000001
us,phoenix,Phoenix,AZ,1428509.0,33.4483333,-112.07333329999999
us,scottsdale,Scottsdale,AZ,225796.0,33.5091667,-111.89833329999999
us,tempe,Tempe,AZ,158368.0,33.4147222,-111.9086111
us,tucson,Tucson,AZ,518907.0,32.2216667,-110.9258333
us,yuma,Yuma,AZ,84316.0,32.7252778,-114.6236111
us,fort smith,Fort Smith,AR,81985.0,35.3858333,-94.3983333
us,little rock,Little Rock,AR,184217.0,34.7463889,-92.28944440000001
us,alameda,Alameda,CA,70443.0,37.7652778,-122.2405556
us,alhambra,Alhambra,CA,88386.0,34.0952778,-118.1261111
us,anaheim,Anaheim,CA,333689.0,33.8352778,-117.9136111
us,antioch,Antioch,CA,106038.0,38.005,-121.8047222
us,bakersfield,Bakersfield,CA,291389.0,35.3733333,-119.01777779999999
us,baldwin park,Baldwin Park,CA,80566.0,34.0852778,-117.96
us,bellflower,Bellflower,CA,75847.0,33.881666700000004,-118.1161111
us,berkeley,Berkeley,CA,100158.0,37.8716667,-122.27166670000001
us,buena park,Buena Park,CA,79157.0,33.8675,-117.99722220000001
us,burbank,Burbank,CA,104690.0,34.180833299999996,-118.30805559999999
us,carlsbad,Carlsbad,CA,91070.0,33.158055600000004,-117.3497222
us,carson,Carson,CA,95767.0,33.83138889999999,-118.2811111
us,chico,Chico,CA,70565.0,39.7286111,-121.8363889
us,chino,Chino,CA,75494.0,34.012222200000004,-117.68805559999998
us,chino hills,Chino Hills,CA,78211.0,33.8936111,-117.7263889
us,chula vista,Chula Vista,CA,213032.0,32.64,-117.08333329999999
us,citrus heights,Citrus Heights,CA,89430.0,38.707222200000004,-121.28
us,clovis,Clovis,CA,86324.0,36.8252778,-119.70194440000002
us,compton,Compton,CA,96749.0,33.8958333,-118.21916670000002
us,concord,Concord,CA,125626.0,37.978055600000005,-122.03
us,corona,Corona,CA,152954.0,33.8752778,-117.56555559999998
us,costa mesa,Costa Mesa,CA,109250.0,33.6411111,-117.9177778
us,daly city,Daly City,CA,98959.0,37.7058333,-122.46083329999999
us,downey,Downey,CA,111862.0,33.94,-118.13166670000001
us,east los angeles,East Los Angeles,CA,125157.0,34.023888899999996,-118.1711111
us,el cajon,El Cajon,CA,94807.0,32.7947222,-116.96166670000001
us,el monte,El Monte,CA,125372.0,34.068611100000005,-118.0266667
us,elk grove,Elk Grove,CA,94497.0,38.408888899999994,-121.37055559999999
us,escondido,Escondido,CA,137119.0,33.1191667,-117.08555559999999
us,fairfield,Fairfield,CA,105741.0,38.249444399999994,-122.0388889
us,fontana,Fontana,CA,169160.0,34.0922222,-117.43416670000002
us,fremont,Fremont,CA,202615.0,37.548333299999996,-121.9875
us,fresno,Fresno,CA,465183.0,36.7477778,-119.77138889999999
us,fullerton,Fullerton,CA,135353.0,33.8702778,-117.92444440000001
us,garden grove,Garden Grove,CA,167232.0,33.773888899999996,-117.94055559999998
us,glendale,Glendale,CA,203201.0,34.1425,-118.25416670000001
us,hawthorne,Hawthorne,CA,87083.0,33.916388899999994,-118.35166670000001
us,hayward,Hayward,CA,140494.0,37.6688889,-122.0797222
us,hesperia,Hesperia,CA,73640.0,34.4263889,-117.3
us,huntington beach,Huntington Beach,CA,195968.0,33.660277799999996,-117.99833329999998
us,inglewood,Inglewood,CA,116158.0,33.9616667,-118.3522222
us,irvine,Irvine,CA,189297.0,33.669444399999996,-117.82222220000001
us,lake forest,Lake Forest,CA,76733.0,33.646944399999995,-117.68833329999998
us,lakewood,Lakewood,CA,82115.0,33.8536111,-118.13305559999999
us,lancaster,Lancaster,CA,129548.0,34.6980556,-118.13583329999999
us,livermore,Livermore,CA,80347.0,37.6819444,-121.76694440000001
us,long beach,Long Beach,CA,482618.0,33.76694439999999,-118.18833329999998
us,los angeles,Los Angeles,CA,3877129.0,34.0522222,-118.2427778
us,lynwood,Lynwood,CA,72397.0,33.9302778,-118.21055559999999
us,merced,Merced,CA,72619.0,37.3022222,-120.48194440000002
us,mission viejo,Mission Viejo,CA,96287.0,33.6,-117.6711111
us,modesto,Modesto,CA,216008.0,37.639166700000004,-120.99583329999999
us,moreno valley,Moreno Valley,CA,168629.0,33.9375,-117.22972220000001
us,murrieta,Murrieta,CA,88714.0,33.5538889,-117.21305559999999
us,napa,Napa,CA,77015.0,38.2972222,-122.28444440000001
us,newport beach,Newport Beach,CA,78702.0,33.618888899999995,-117.9280556
us,norwalk,Norwalk,CA,109111.0,33.902222200000004,-118.08083329999998
us,oakland,Oakland,CA,394579.0,37.804444399999994,-122.2697222
us,oceanside,Oceanside,CA,170340.0,33.1958333,-117.3786111
us,ontario,Ontario,CA,172808.0,34.0633333,-117.65
us,orange,Orange,CA,133874.0,33.7877778,-117.8522222
us,oxnard,Oxnard,CA,187235.0,34.1975,-119.1761111
us,palmdale,Palmdale,CA,135294.0,34.57944439999999,-118.1155556
us,pasadena,Pasadena,CA,144618.0,34.1477778,-118.1436111
us,pomona,Pomona,CA,156183.0,34.0552778,-117.7513889
us,rancho cucamonga,Rancho Cucamonga,CA,168557.0,34.1063889,-117.59222220000001
us,redding,Redding,CA,91685.0,40.5866667,-122.39055559999998
us,redlands,Redlands,CA,70287.0,34.055555600000005,-117.18166670000001
us,redwood city,Redwood City,CA,71969.0,37.4852778,-122.23527779999999
us,rialto,Rialto,CA,101523.0,34.1063889,-117.36944440000002
us,richmond,Richmond,CA,103041.0,37.9358333,-122.34666670000001
us,riverside,Riverside,CA,297554.0,33.9533333,-117.39527779999999
us,roseville,Roseville,CA,112647.0,38.7522222,-121.28694440000001
us,sacramento,Sacramento,CA,467898.0,38.5816667,-121.49333329999999
us,salinas,Salinas,CA,148691.0,36.6777778,-121.65444440000002
us,san bernardino,San Bernardino,CA,202381.0,34.1083333,-117.2888889
us,san diego,San Diego,CA,1287050.0,32.7152778,-117.1563889
us,san francisco,San Francisco,CA,732072.0,37.775,-122.41833329999999
us,san jose,San Jose,CA,897460.0,37.3394444,-121.8938889
us,san leandro,San Leandro,CA,79904.0,37.725,-122.155
us,san mateo,San Mateo,CA,89982.0,37.563055600000006,-122.32444440000002
us,santa ana,Santa Ana,CA,343054.0,33.7455556,-117.86694440000001
us,santa barbara,Santa Barbara,CA,86681.0,34.4208333,-119.69722220000001
us,santa clara,Santa Clara,CA,102250.0,37.3541667,-121.95416670000002
us,santa clarita,Santa Clarita,CA,168927.0,34.3916667,-118.54166670000001
us,santa maria,Santa Maria,CA,85480.0,34.953055600000006,-120.43472220000001
us,santa monica,Santa Monica,CA,88338.0,34.0194444,-118.49027779999999
us,santa rosa,Santa Rosa,CA,155118.0,38.4405556,-122.71333329999999
us,simi valley,Simi Valley,CA,119417.0,34.2694444,-118.78055559999999
us,south gate,South Gate,CA,99922.0,33.9547222,-118.2111111
us,stockton,Stockton,CA,289580.0,37.9577778,-121.2897222
us,sunnyvale,Sunnyvale,CA,126499.0,37.368888899999995,-122.03527779999999
us,temecula,Temecula,CA,85145.0,33.4936111,-117.1475
us,thousand oaks,Thousand Oaks,CA,127942.0,34.17055560000001,-118.83666670000001
us,torrance,Torrance,CA,144963.0,33.8358333,-118.33972220000001
us,tracy,Tracy,CA,83216.0,37.7397222,-121.42416670000001
us,upland,Upland,CA,74230.0,34.0975,-117.6475
us,vacaville,Vacaville,CA,96469.0,38.3566667,-121.98666670000001
us,vallejo,Vallejo,CA,120446.0,38.1041667,-122.25555559999998
us,victorville,Victorville,CA,83496.0,34.53611110000001,-117.2902778
us,visalia,Visalia,CA,107431.0,36.3302778,-119.29111110000001
us,vista,Vista,CA,92707.0,33.2,-117.24166670000001
us,west covina,West Covina,CA,109756.0,34.068611100000005,-117.93805559999998
us,westminster,Westminster,CA,89868.0,33.7591667,-118.00583329999999
us,whittier,Whittier,CA,85778.0,33.9791667,-118.03194440000001
us,arvada,Arvada,CO,101732.0,39.8027778,-105.08694440000001
us,aurora,Aurora,CO,299780.0,39.7294444,-104.83138890000001
us,boulder,Boulder,CO,91521.0,40.015,-105.27
us,centennial,Centennial,CO,96930.0,39.5791667,-104.8763889
us,colorado springs,Colorado Springs,CO,373072.0,38.8338889,-104.8208333
us,denver,Denver,CO,555981.0,39.7391667,-104.98416670000002
us,fort collins,Fort Collins,CO,129252.0,40.5852778,-105.08388889999999
us,greeley,Greeley,CO,86875.0,40.423333299999996,-104.70861109999998
us,highlands ranch,Highlands Ranch,CO,101565.0,39.5538889,-104.9688889
us,lakewood,Lakewood,CO,140772.0,39.7047222,-105.08083329999998
us,longmont,Longmont,CO,83291.0,40.1672222,-105.1013889
us,pueblo,Pueblo,CO,104293.0,38.2544444,-104.60861109999999
us,thornton,Thornton,CO,104658.0,39.868055600000005,-104.9713889
us,westminster,Westminster,CO,104037.0,39.8366667,-105.03666670000001
us,bridgeport,Bridgeport,CT,139090.0,41.1669444,-73.20527779999999
us,danbury,Danbury,CT,78565.0,41.394722200000004,-73.4544444
us,hartford,Hartford,CT,124019.0,41.763611100000006,-72.6855556
us,new britain,New Britain,CT,71455.0,41.66111110000001,-72.78
us,new haven,New Haven,CT,124922.0,41.3080556,-72.9286111
us,norwalk,Norwalk,CT,84530.0,41.1175,-73.4083333
us,stamford,Stamford,CT,121230.0,41.0533333,-73.5391667
us,waterbury,Waterbury,CT,108507.0,41.5580556,-73.0519444
us,wilmington,Wilmington,DE,71356.0,39.7458333,-75.5469444
us,washington,Washington,DC,552433.0,38.895,-77.0366667
us,boca raton,Boca Raton,FL,80689.0,26.358333299999998,-80.08333329999999
us,brandon,Brandon,FL,90165.0,27.9375,-82.28611109999999
us,cape coral,Cape Coral,FL,130807.0,26.5625,-81.94972220000001
us,clearwater,Clearwater,FL,108064.0,27.965555600000005,-82.80027779999999
us,coral springs,Coral Springs,FL,131674.0,26.2708333,-80.27083329999999
us,davie,Davie,FL,82605.0,26.0625,-80.2333333
us,deltona,Deltona,FL,82008.0,28.900277799999998,-81.26388890000001
us,fort lauderdale,Fort Lauderdale,FL,170510.0,26.1219444,-80.14361109999999
us,gainesville,Gainesville,FL,125684.0,29.651388899999997,-82.325
us,hialeah,Hialeah,FL,224840.0,25.8572222,-80.2783333
us,hollywood,Hollywood,FL,144821.0,26.0108333,-80.14972220000001
us,jacksonville,Jacksonville,FL,797557.0,30.331944399999998,-81.6558333
us,kendall,Kendall,FL,83026.0,25.6788889,-80.3175
us,lakeland,Lakeland,FL,90761.0,28.039166700000003,-81.95
us,largo,Largo,FL,71666.0,27.9091667,-82.7875
us,melbourne,Melbourne,FL,76326.0,28.0833333,-80.6083333
us,miami,Miami,FL,382894.0,25.7738889,-80.1938889
us,miami beach,Miami Beach,FL,89326.0,25.790277800000002,-80.13027779999999
us,miramar,Miramar,FL,112922.0,25.9869444,-80.2325
us,orlando,Orlando,FL,207970.0,28.538055600000003,-81.3794444
us,palm bay,Palm Bay,FL,89093.0,28.0341667,-80.58888890000001
us,pembroke pines,Pembroke Pines,FL,155862.0,26.0027778,-80.2241667
us,plantation,Plantation,FL,85739.0,26.1272222,-80.2333333
us,pompano beach,Pompano Beach,FL,89715.0,26.2375,-80.125
us,port saint lucie,Port Saint Lucie,FL,119371.0,27.293611100000003,-80.35055559999999
us,saint petersburg,Saint Petersburg,FL,246316.0,27.770555600000005,-82.67944440000001
us,spring hill,Spring Hill,FL,96767.0,28.555555600000005,-82.4505556
us,sunrise,Sunrise,FL,90993.0,26.1336111,-80.1133333
us,tallahassee,Tallahassee,FL,153583.0,30.438055600000006,-84.2808333
us,tampa,Tampa,FL,324465.0,27.947222200000002,-82.45861109999998
us,west palm beach,West Palm Beach,FL,93620.0,26.715,-80.0536111
us,albany,Albany,GA,75794.0,31.578333299999997,-84.1558333
us,atlanta,Atlanta,GA,422908.0,33.7488889,-84.3880556
us,columbus,Columbus,GA,185208.0,32.4608333,-84.98777779999999
us,macon,Macon,GA,94273.0,32.8405556,-83.6325
us,roswell,Roswell,GA,77218.0,34.023055600000006,-84.3616667
us,sandy springs,Sandy Springs,GA,94717.0,33.9241667,-84.37861109999999
us,savannah,Savannah,GA,126119.0,32.0833333,-81.1
us,honolulu,Honolulu,HI,384241.0,21.3069444,-157.8583333
us,nampa,Nampa,ID,73064.0,43.540833299999996,-116.5625
us,arlington heights,Arlington Heights,IL,74995.0,42.088333299999995,-87.9805556
us,aurora,Aurora,IL,174276.0,41.7605556,-88.32
us,bloomington,Bloomington,IL,70706.0,40.4841667,-88.9936111
us,bolingbrook,Bolingbrook,IL,73220.0,41.6986111,-88.06833329999999
us,champaign,Champaign,IL,75670.0,40.1163889,-88.2433333
us,chicago,Chicago,IL,2841952.0,41.85,-87.65
us,cicero,Cicero,IL,81184.0,41.845555600000004,-87.7538889
us,decatur,Decatur,IL,77868.0,39.8402778,-88.9547222
us,elgin,Elgin,IL,98586.0,42.0372222,-88.28111109999999
us,evanston,Evanston,IL,75311.0,42.0411111,-87.69
us,joliet,Joliet,IL,134957.0,41.525,-88.0816667
us,naperville,Naperville,IL,143850.0,41.7858333,-88.1472222
us,peoria,Peoria,IL,113004.0,40.693611100000005,-89.58888890000001
us,rockford,Rockford,IL,152765.0,42.271111100000006,-89.09388890000001
us,schaumburg,Schaumburg,IL,73451.0,42.033333299999995,-88.08333329999999
us,springfield,Springfield,IL,115975.0,39.8016667,-89.64361109999999
us,waukegan,Waukegan,IL,92695.0,42.3636111,-87.8447222
us,bloomington,Bloomington,IN,71253.0,39.1652778,-86.52638890000001
us,evansville,Evansville,IN,115474.0,37.9747222,-87.5558333
us,fort wayne,Fort Wayne,IN,229715.0,41.1305556,-85.1288889
us,gary,Gary,IN,97966.0,41.5933333,-87.34638890000001
us,hammond,Hammond,IN,78883.0,41.5833333,-87.5
us,indianapolis,Indianapolis,IN,773283.0,39.7683333,-86.1580556
us,south bend,South Bend,IN,103760.0,41.6833333,-86.25
us,cedar rapids,Cedar Rapids,IA,122945.0,42.0083333,-91.64388890000001
us,davenport,Davenport,IA,96930.0,41.523611100000004,-90.5775
us,des moines,Des Moines,IA,193180.0,41.60055560000001,-93.60888890000001
us,sioux city,Sioux City,IA,83248.0,42.5,-96.4
us,kansas city,Kansas City,KS,442028.0,39.1141667,-94.6272222
us,lawrence,Lawrence,KS,83314.0,38.9716667,-95.235
us,olathe,Olathe,KS,113647.0,38.8813889,-94.8188889
us,overland park,Overland Park,KS,166010.0,38.9822222,-94.6705556
us,topeka,Topeka,KS,121570.0,39.048333299999996,-95.67777779999999
us,wichita,Wichita,KS,355244.0,37.6922222,-97.33722220000001
us,lexington-fayette,Lexington-Fayette,KY,272079.0,38.0497222,-84.45861109999998
us,louisville,Louisville,KY,243639.0,38.2541667,-85.7594444
us,baton rouge,Baton Rouge,LA,223349.0,30.450555600000005,-91.1544444
us,lafayette,Lafayette,LA,112197.0,30.223888899999995,-92.0197222
us,lake charles,Lake Charles,LA,70309.0,30.226388899999996,-93.21722220000001
us,metairie,Metairie,LA,142489.0,29.983888899999997,-90.1527778
us,new orleans,New Orleans,LA,459336.0,29.954444399999996,-90.075
us,shreveport,Shreveport,LA,196980.0,32.525,-93.75
us,baltimore,Baltimore,MD,610892.0,39.2902778,-76.6125
us,columbia,Columbia,MD,96201.0,39.2402778,-76.83972220000001
us,silver spring,Silver Spring,MD,77951.0,38.99055560000001,-77.02638890000001
us,boston,Boston,MA,571281.0,42.3583333,-71.0602778
us,brockton,Brockton,MA,94881.0,42.0833333,-71.01888890000001
us,cambridge,Cambridge,MA,101382.0,42.375,-71.10611109999999
us,fall river,Fall River,MA,93000.0,41.7013889,-71.1555556
us,lawrence,Lawrence,MA,72609.0,42.7069444,-71.1636111
us,lowell,Lowell,MA,103469.0,42.6333333,-71.3166667
us,lynn,Lynn,MA,89691.0,42.466666700000005,-70.95
us,new bedford,New Bedford,MA,94083.0,41.6361111,-70.93472220000001
us,newton,Newton,MA,84851.0,42.33694439999999,-71.2097222
us,plymouth,Plymouth,MA,90615.0,41.9583333,-70.6677778
us,quincy,Quincy,MA,89168.0,42.2527778,-71.00277779999999
us,somerville,Somerville,MA,75261.0,42.3875,-71.1
us,springfield,Springfield,MA,152227.0,42.101388899999996,-72.5902778
us,worcester,Worcester,MA,177216.0,42.2625,-71.80277779999999
us,ann arbor,Ann Arbor,MI,113810.0,42.2708333,-83.7263889
us,canton,Canton,MI,86825.0,42.3086111,-83.48222220000001
us,dearborn,Dearborn,MI,95170.0,42.3222222,-83.1763889
us,detroit,Detroit,MI,884941.0,42.33138889999999,-83.0458333
us,farmington hills,Farmington Hills,MI,79955.0,42.4852778,-83.3772222
us,flint,Flint,MI,117258.0,43.0125,-83.6875
us,grand rapids,Grand Rapids,MI,193852.0,42.963333299999995,-85.6680556
us,kalamazoo,Kalamazoo,MI,74138.0,42.2916667,-85.58722220000001
us,lansing,Lansing,MI,117691.0,42.7325,-84.5555556
us,livonia,Livonia,MI,98218.0,42.368333299999996,-83.3527778
us,southfield,Southfield,MI,76828.0,42.4733333,-83.2219444
us,sterling heights,Sterling Heights,MI,126657.0,42.5802778,-83.0302778
us,troy,Troy,MI,81269.0,42.6055556,-83.15
us,warren,Warren,MI,133517.0,42.4775,-83.0277778
us,waterford,Waterford,MI,75737.0,42.7022222,-83.4027778
us,westland,Westland,MI,84801.0,42.3241667,-83.4002778
us,wyoming,Wyoming,MI,70308.0,42.9133333,-85.70527779999999
us,bloomington,Bloomington,MN,81383.0,44.8408333,-93.2980556
us,duluth,Duluth,MN,84800.0,46.783333299999995,-92.10638890000001
us,minneapolis,Minneapolis,MN,367773.0,44.98,-93.26361109999999
us,plymouth,Plymouth,MN,72239.0,45.0105556,-93.45527779999999
us,rochester,Rochester,MN,96355.0,44.021666700000004,-92.4697222
us,saint paul,Saint Paul,MN,274792.0,44.944444399999995,-93.0930556
us,gulfport,Gulfport,MS,71329.0,30.3672222,-89.0927778
us,jackson,Jackson,MS,176696.0,32.2986111,-90.18472220000001
us,columbia,Columbia,MO,91415.0,38.951666700000004,-92.3338889
us,independence,Independence,MO,110675.0,39.091111100000006,-94.4152778
us,kansas city,Kansas City,MO,442028.0,39.0997222,-94.5783333
us,saint joseph,Saint Joseph,MO,71745.0,39.7686111,-94.84638890000001
us,saint louis,Saint Louis,MO,320916.0,38.6272222,-90.1977778
us,springfield,Springfield,MO,150443.0,37.2152778,-93.2980556
us,billings,Billings,MT,99751.0,45.783333299999995,-108.5
us,lincoln,Lincoln,NE,242072.0,40.8,-96.66666670000001
us,omaha,Omaha,NE,413487.0,41.2586111,-95.9375
us,henderson,Henderson,NV,239757.0,36.0397222,-114.9811111
us,las vegas,Las Vegas,NV,540111.0,36.175,-115.1363889
us,north las vegas,North Las Vegas,NV,165416.0,36.1988889,-115.11666670000001
us,paradise,Paradise,NV,215120.0,36.0972222,-115.14583329999999
us,reno,Reno,NV,202142.0,39.5297222,-119.81277779999999
us,sparks,Sparks,NV,84662.0,39.535,-119.75166670000002
us,spring valley,Spring Valley,NV,165015.0,36.10805560000001,-115.24416670000001
us,sunrise manor,Sunrise Manor,NV,188608.0,36.211111100000004,-115.07222220000001
us,manchester,Manchester,NH,109877.0,42.9955556,-71.45527779999999
us,nashua,Nashua,NH,87039.0,42.7652778,-71.4680556
us,camden,Camden,NJ,80412.0,39.9258333,-75.12
us,cherry hill,Cherry Hill,NJ,70475.0,39.9347222,-75.03111109999999
us,clifton,Clifton,NJ,80245.0,40.8583333,-74.1641667
us,edison,Edison,NJ,102548.0,40.5186111,-74.4125
us,elizabeth,Elizabeth,NJ,123913.0,40.663888899999996,-74.2111111
us,jersey city,Jersey City,NJ,237681.0,40.728055600000005,-74.0780556
us,newark,Newark,NJ,280123.0,40.735555600000005,-74.17277779999999
us,paterson,Paterson,NJ,151205.0,40.9166667,-74.17222220000001
us,toms river,Toms River,NJ,119088.0,39.9536111,-74.1983333
us,trenton,Trenton,NJ,84833.0,40.216944399999996,-74.7433333
us,albuquerque,Albuquerque,NM,487378.0,35.084444399999995,-106.65055559999999
us,las cruces,Las Cruces,NM,80184.0,32.3122222,-106.7777778
us,albany,Albany,NY,93794.0,42.6525,-73.7566667
us,buffalo,Buffalo,NY,279557.0,42.8863889,-78.87861109999999
us,cheektowaga,Cheektowaga,NY,77387.0,42.9033333,-78.755
us,new rochelle,New Rochelle,NY,72786.0,40.9113889,-73.78277779999999
us,new york,New York,NY,8107916.0,40.7141667,-74.0063889
us,rochester,Rochester,NY,211354.0,43.1547222,-77.61583329999999
us,syracuse,Syracuse,NY,141830.0,43.048055600000005,-76.1477778
us,yonkers,Yonkers,NY,197818.0,40.9311111,-73.8991667
us,cary,Cary,NC,103945.0,35.791388899999994,-78.78138890000001
us,charlotte,Charlotte,NC,598351.0,35.226944399999994,-80.8433333
us,durham,Durham,NC,204734.0,35.993888899999995,-78.8988889
us,fayetteville,Fayetteville,NC,124775.0,35.0525,-78.87861109999999
us,greensboro,Greensboro,NC,231769.0,36.0725,-79.79222220000001
us,greenville,Greenville,NC,70757.0,35.6125,-77.3666667
us,high point,High Point,NC,94281.0,35.955555600000004,-80.0055556
us,raleigh,Raleigh,NC,338759.0,35.771944399999995,-78.63888890000001
us,wilmington,Wilmington,NC,92424.0,34.22555560000001,-77.945
us,winston-salem,Winston-Salem,NC,193300.0,36.0997222,-80.2444444
us,fargo,Fargo,ND,92103.0,46.8772222,-96.78944440000001
us,akron,Akron,OH,208414.0,41.08138889999999,-81.5191667
us,canton,Canton,OH,78160.0,40.798888899999994,-81.37861109999999
us,cincinnati,Cincinnati,OH,306382.0,39.161944399999996,-84.4569444
us,cleveland,Cleveland,OH,449514.0,41.499444399999994,-81.69555559999999
us,columbus,Columbus,OH,736836.0,39.961111100000004,-82.99888890000001
us,dayton,Dayton,OH,159134.0,39.758888899999995,-84.1916667
us,parma,Parma,OH,82565.0,41.4047222,-81.7230556
us,toledo,Toledo,OH,306974.0,41.663888899999996,-83.5552778
us,youngstown,Youngstown,OH,77540.0,41.0997222,-80.64972220000001
us,broken arrow,Broken Arrow,OK,85535.0,36.0525,-95.7905556
us,edmond,Edmond,OK,73915.0,35.6527778,-97.4777778
us,lawton,Lawton,OK,91752.0,34.608611100000005,-98.39
us,norman,Norman,OK,101742.0,35.2225,-97.4391667
us,oklahoma city,Oklahoma City,OK,532950.0,35.4675,-97.51611109999999
us,tulsa,Tulsa,OK,382005.0,36.1538889,-95.9925
us,beaverton,Beaverton,OR,82648.0,45.4872222,-122.8025
us,eugene,Eugene,OR,145208.0,44.0522222,-123.08555559999999
us,gresham,Gresham,OR,98851.0,45.4983333,-122.4302778
us,hillsboro,Hillsboro,OR,82320.0,45.523055600000006,-122.9886111
us,portland,Portland,OR,540513.0,45.523611100000004,-122.675
us,salem,Salem,OR,146922.0,44.9430556,-123.0338889
us,allentown,Allentown,PA,105519.0,40.6083333,-75.4905556
us,bethlehem,Bethlehem,PA,73710.0,40.6258333,-75.3708333
us,erie,Erie,PA,99801.0,42.1291667,-80.0852778
us,philadelphia,Philadelphia,PA,1453268.0,39.9522222,-75.1641667
us,pittsburgh,Pittsburgh,PA,319494.0,40.4405556,-79.9961111
us,reading,Reading,PA,79799.0,40.335555600000006,-75.9272222
us,scranton,Scranton,PA,73206.0,41.408888899999994,-75.66277779999999
us,caguas,Caguas,PR,86807.0,18.2361111,-66.0488889
us,carolina,Carolina,PR,170408.0,18.382777800000003,-65.95777779999999
us,guaynabo,Guaynabo,PR,81363.0,18.359444399999997,-66.1113889
us,mayaguez,Mayaguez,PR,76503.0,18.203055600000003,-67.14
us,ponce,Ponce,PR,152639.0,18.0130556,-66.6144444
us,san juan,San Juan,PR,418140.0,18.4683333,-66.1061111
us,cranston,Cranston,RI,82926.0,41.7797222,-71.43777779999999
us,pawtucket,Pawtucket,RI,74965.0,41.8786111,-71.38305559999999
us,providence,Providence,RI,177595.0,41.8238889,-71.4133333
us,warwick,Warwick,RI,88071.0,41.7,-71.41666670000001
us,charleston,Charleston,SC,104782.0,32.77638889999999,-79.9311111
us,columbia,Columbia,SC,117722.0,34.000555600000006,-81.035
us,north charleston,North Charleston,SC,82838.0,32.8544444,-79.975
us,sioux falls,Sioux Falls,SD,140336.0,43.55,-96.7
us,chattanooga,Chattanooga,TN,154024.0,35.04555560000001,-85.30972220000001
us,clarksville,Clarksville,TN,111694.0,36.5297222,-87.3594444
us,knoxville,Knoxville,TN,172474.0,35.960555600000006,-83.9208333
us,memphis,Memphis,TN,641608.0,35.14944439999999,-90.04888890000001
us,murfreesboro,Murfreesboro,TN,84700.0,35.845555600000004,-86.39027779999999
us,nashville,Nashville,TN,530852.0,36.165833299999996,-86.7844444
us,abilene,Abilene,TX,114247.0,32.4486111,-99.7327778
us,allen,Allen,TX,75868.0,33.103055600000005,-96.6702778
us,amarillo,Amarillo,TX,181766.0,35.2219444,-101.8308333
us,arlington,Arlington,TX,367535.0,32.735555600000005,-97.1077778
us,austin,Austin,TX,678368.0,30.266944399999996,-97.7427778
us,beaumont,Beaumont,TX,111485.0,30.085833299999997,-94.1016667
us,brownsville,Brownsville,TX,168015.0,25.9013889,-97.49722220000001
us,carrollton,Carrollton,TX,120792.0,32.9536111,-96.89
us,college station,College Station,TX,78533.0,30.6277778,-96.3341667
us,corpus christi,Corpus Christi,TX,280382.0,27.8002778,-97.39611109999998
us,dallas,Dallas,TX,1211704.0,32.783333299999995,-96.8
us,denton,Denton,TX,100975.0,33.214722200000004,-97.1327778
us,el paso,El Paso,TX,597181.0,31.758611100000003,-106.4863889
us,fort worth,Fort Worth,TX,618119.0,32.7252778,-97.32055559999999
us,frisco,Frisco,TX,71025.0,33.150555600000004,-96.8233333
us,garland,Garland,TX,217219.0,32.9125,-96.63861109999999
us,grand prairie,Grand Prairie,TX,141122.0,32.7458333,-96.9975
us,houston,Houston,TX,2027712.0,29.763055600000005,-95.3630556
us,irving,Irving,TX,193825.0,32.813888899999995,-96.9486111
us,killeen,Killeen,TX,103009.0,31.116944399999994,-97.7275
us,laredo,Laredo,TX,210769.0,27.506111100000002,-99.5072222
us,lewisville,Lewisville,TX,93907.0,33.046111100000005,-96.9938889
us,longview,Longview,TX,75920.0,32.500555600000006,-94.74027779999999
us,lubbock,Lubbock,TX,211387.0,33.5777778,-101.85472220000001
us,mesquite,Mesquite,TX,131337.0,32.7666667,-96.5988889
us,midland,Midland,TX,97782.0,31.9972222,-102.0775
us,odessa,Odessa,TX,91256.0,31.845555600000004,-102.3672222
us,pasadena,Pasadena,TX,144696.0,29.690833299999998,-95.2088889
us,plano,Plano,TX,253372.0,33.019722200000004,-96.6986111
us,richardson,Richardson,TX,104791.0,32.9480556,-96.7294444
us,round rock,Round Rock,TX,88653.0,30.508055600000006,-97.6786111
us,san angelo,San Angelo,TX,88256.0,31.463611100000005,-100.4366667
us,san antonio,San Antonio,TX,1256810.0,29.423888899999998,-98.4933333
us,sugar land,Sugar Land,TX,75777.0,29.619444399999995,-95.63472220000001
us,the woodlands,The Woodlands,TX,75527.0,30.157777799999998,-95.4891667
us,tyler,Tyler,TX,90878.0,32.351111100000004,-95.3008333
us,waco,Waco,TX,118967.0,31.5491667,-97.1463889
us,wichita falls,Wichita Falls,TX,101212.0,33.913611100000004,-98.4930556
us,ogden,Ogden,UT,78324.0,41.2230556,-111.97305559999998
us,orem,Orem,UT,93060.0,40.296944399999994,-111.69388889999999
us,provo,Provo,UT,105764.0,40.2338889,-111.65777779999999
us,salt lake city,Salt Lake City,UT,178026.0,40.7608333,-111.89027779999999
us,west jordan,West Jordan,UT,101031.0,40.6097222,-111.93833329999998
us,west valley city,West Valley City,UT,113112.0,40.6916667,-112.00027779999999
us,alexandria,Alexandria,VA,127273.0,38.8047222,-77.04722220000001
us,arlington,Arlington,VA,185360.0,38.8902778,-77.0844444
us,chesapeake,Chesapeake,VA,219124.0,36.8188889,-76.2752778
us,hampton,Hampton,VA,147993.0,37.0297222,-76.3455556
us,newport news,Newport News,VA,183444.0,36.9786111,-76.42833329999999
us,norfolk,Norfolk,VA,246216.0,36.8466667,-76.2855556
us,portsmouth,Portsmouth,VA,99049.0,36.8352778,-76.29861109999999
us,richmond,Richmond,VA,190886.0,37.553611100000005,-77.46055559999999
us,roanoke,Roanoke,VA,91168.0,37.2708333,-79.9416667
us,suffolk,Suffolk,VA,80690.0,36.728055600000005,-76.5838889
us,virginia beach,Virginia Beach,VA,449386.0,36.8527778,-75.9783333
us,bellevue,Bellevue,WA,111927.0,47.610555600000005,-122.19944440000002
us,bellingham,Bellingham,WA,73469.0,48.7597222,-122.48694440000001
us,everett,Everett,WA,96993.0,47.9791667,-122.20083329999999
us,federal way,Federal Way,WA,80815.0,47.3225,-122.3113889
us,kent,Kent,WA,82276.0,47.381111100000005,-122.2336111
us,seattle,Seattle,WA,569369.0,47.6063889,-122.33083329999998
us,spokane,Spokane,WA,197262.0,47.658888899999994,-117.425
us,tacoma,Tacoma,WA,196957.0,47.2530556,-122.44305559999998
us,vancouver,Vancouver,WA,157517.0,45.6388889,-122.66027779999999
us,yakima,Yakima,WA,88405.0,46.6022222,-120.5047222
us,appleton,Appleton,WI,70112.0,44.2619444,-88.4152778
us,green bay,Green Bay,WI,101012.0,44.5191667,-88.0197222
us,kenosha,Kenosha,WI,93982.0,42.5847222,-87.8211111
us,madison,Madison,WI,224625.0,43.0730556,-89.4011111
us,milwaukee,Milwaukee,WI,579180.0,43.038888899999996,-87.90638890000001
us,racine,Racine,WI,79263.0,42.726111100000004,-87.78277779999999
ve,acarigua,Acarigua,18,143739.0,9.5597222,-69.2019444
ve,anaco,Anaco,02,117605.0,9.4375,-64.4730556
ve,araure,Araure,18,73074.0,9.566666699999999,-69.2166667
ve,barcelona,Barcelona,02,424819.0,10.133333300000002,-64.7
ve,barinas,Barinas,05,284305.0,8.629166699999999,-70.2072222
ve,barquisimeto,Barquisimeto,13,809564.0,10.073888900000002,-69.3227778
ve,baruta,Baruta,15,244216.0,10.433333300000001,-66.8833333
ve,cabimas,Cabimas,23,200859.0,10.4019444,-71.4461111
ve,cabudare,Cabudare,13,131013.0,10.028888900000002,-69.0894444
ve,cagua,Cagua,04,119052.0,10.183333300000001,-67.45
ve,calabozo,Calabozo,12,117148.0,8.9344444,-67.4266667
ve,caracas,Caracas,25,1815681.0,10.5,-66.91666670000001
ve,carora,Carora,13,93803.0,10.177777800000001,-70.0805556
ve,carupano,Carúpano,19,112102.0,10.669722199999999,-63.2491667
ve,catia la mar,Catia La Mar,26,106850.0,10.6,-67.0333333
ve,charallave,Charallave,15,129213.0,10.2483333,-66.8566667
ve,ciudad bolivar,Ciudad Bolívar,06,291170.0,8.122222200000001,-63.549722200000005
ve,ciudad guayana,Ciudad Guayana,06,746606.0,8.3533333,-62.652777799999996
ve,ciudad ojeda,Ciudad Ojeda,23,73931.0,10.2033333,-71.31
ve,coro,Coro,11,195246.0,11.409166699999998,-69.66722220000001
ve,cua,Cúa,15,182925.0,10.162222199999999,-66.8852778
ve,cumana,Cumaná,19,257821.0,10.4666667,-64.16666670000001
ve,ejido,Ejido,14,107056.0,8.551388900000001,-71.2375
ve,el cafetal,El Cafetal,15,80029.0,10.4666667,-66.82777779999999
ve,el limon,El Limón,04,148270.0,10.309166699999999,-67.6325
ve,el tigre,El Tigre,02,151011.0,8.8925,-64.25277779999999
ve,guacara,Guacara,07,151788.0,10.2297222,-67.87388890000001
ve,guanare,Guanare,18,112315.0,9.05,-69.75
ve,guarenas,Guarenas,15,181657.0,10.4666667,-66.6166667
ve,guatire,Guatire,15,192291.0,10.4666667,-66.5333333
ve,guigue,Güigüe,07,71548.0,10.0852778,-67.7791667
ve,la victoria,La Victoria,04,87060.0,10.233333300000002,-67.33333329999999
ve,los teques,Los Teques,15,173749.0,10.35,-67.0333333
ve,maracaibo,Maracaibo,23,1948269.0,10.631666699999998,-71.6405556
ve,maracay,Maracay,04,395412.0,10.2469444,-67.5958333
ve,mariara,Mariara,07,105511.0,10.298333300000001,-67.71611109999999
ve,maturin,Maturín,16,410967.0,9.75,-63.1766667
ve,ocumare del tuy,Ocumare del Tuy,15,166112.0,10.121666699999999,-66.7716667
ve,palo negro,Palo Negro,04,128895.0,10.173888900000001,-67.5419444
ve,petare,Petare,15,365959.0,10.483333300000002,-66.8166667
ve,porlamar,Porlamar,17,87131.0,10.95,-63.85
ve,puerto cabello,Puerto Cabello,07,163886.0,10.4730556,-68.0125
ve,punto fijo,Punto Fijo,11,131797.0,11.6997222,-70.1991667
ve,san carlos,San Carlos,08,77204.0,9.666666699999999,-68.6
ve,san cristobal,San Cristóbal,20,246620.0,7.766944400000001,-72.225
ve,san felipe,San Felipe,22,76779.0,10.3405556,-68.7372222
ve,san juan de los morros,San Juan de los Morros,12,87752.0,9.9111111,-67.3583333
ve,santa teresa,Santa Teresa,15,279424.0,10.2313889,-66.6636111
ve,tinaquillo,Tinaquillo,08,82157.0,9.9186111,-68.3047222
ve,turmero,Turmero,04,344746.0,10.233333300000002,-67.4833333
ve,valencia,Valencia,07,1385202.0,10.1805556,-68.0038889
ve,valera,Valera,21,93764.0,9.3177778,-70.6036111
ve,villa de cura,Villa de Cura,04,76627.0,10.0333333,-67.4833333
ve,yaritagua,Yaritagua,22,89677.0,10.08,-69.12611109999999
